,precision,recall,f1-score,support
0,0.8892794376098418,0.8709122203098106,0.88,581.0
1,0.9293563579277865,0.8517985611510791,0.8888888888888888,695.0
2,0.6105769230769231,0.7987421383647799,0.6920980926430518,159.0
3,0.8809523809523809,0.8072727272727273,0.8425047438330171,275.0
4,0.7702127659574468,0.8080357142857143,0.7886710239651417,224.0
5,0.6161616161616161,0.9242424242424242,0.7393939393939394,66.0
accuracy,0.8445,0.8445,0.8445,0.8445
macro avg,0.7827565802809993,0.8435006309377558,0.8052594481206731,2000.0
weighted avg,0.8575559918917001,0.8445,0.8481262442151473,2000.0
